rank,uid,title,year,venue,url,problem_claimed,actual_mechanism,hidden_assumptions,variables_treated_as_fixed,failure_modes_ignored,what_it_makes_less_novel,what_it_leaves_open
1,doi:10.1115/detc2013-13377,SQP-Based Mobile Manipulator Motion Planning With Controlled Infeasibility for Physically Valid Task Failure,2013,Volume 6A: 37th Mechanisms and Robotics Conference,https://doi.org/10.1115/detc2013-13377,Addresses robot policy evaluation or a neighboring robotics mechanism.,"Prior work usually predicts, ranks, filters, or imitates observed behavior rather than preserving unrealized branches.",The observed outcome is enough to supervise the model.,"Contact mode support, embodiment limits, and deployment perturbations.","Branch collapse, hidden-mode shift, and tail-risk planning failures.",Generic world models and generic uncertainty are crowded.,Invariance audits for robot policies keeps action-critical alternatives explicit until a physical observation collapses them.
2,doi:10.1155/2018/9791286,The Design and Evaluation of an Ergonomic Contactless Gesture Control System for Industrial Robots,2018,Journal of Robotics,https://doi.org/10.1155/2018/9791286,Addresses robot policy evaluation or a neighboring robotics mechanism.,"Prior work usually predicts, ranks, filters, or imitates observed behavior rather than preserving unrealized branches.",The observed outcome is enough to supervise the model.,"Contact mode support, embodiment limits, and deployment perturbations.","Branch collapse, hidden-mode shift, and tail-risk planning failures.",Generic world models and generic uncertainty are crowded.,Invariance audits for robot policies keeps action-critical alternatives explicit until a physical observation collapses them.
3,arxiv:2506.05429v1,Coordinated Robustness Evaluation Framework for Vision-Language Models,2025,arXiv,http://arxiv.org/abs/2506.05429v1,Addresses robot policy evaluation or a neighboring robotics mechanism.,"Prior work usually predicts, ranks, filters, or imitates observed behavior rather than preserving unrealized branches.",The observed outcome is enough to supervise the model.,"Contact mode support, embodiment limits, and deployment perturbations.","Branch collapse, hidden-mode shift, and tail-risk planning failures.",Generic world models and generic uncertainty are crowded.,Invariance audits for robot policies keeps action-critical alternatives explicit until a physical observation collapses them.
4,doi:10.20944/preprints202606.0425.v1,The Evaluation Bottleneck of Vision-Language-Action Models: A Evaluation-Centric Survey,,,https://doi.org/10.20944/preprints202606.0425.v1,Addresses robot policy evaluation or a neighboring robotics mechanism.,"Prior work usually predicts, ranks, filters, or imitates observed behavior rather than preserving unrealized branches.",The observed outcome is enough to supervise the model.,"Contact mode support, embodiment limits, and deployment perturbations.","Branch collapse, hidden-mode shift, and tail-risk planning failures.",Generic world models and generic uncertainty are crowded.,Invariance audits for robot policies keeps action-critical alternatives explicit until a physical observation collapses them.
5,doi:10.3390/robotics10010045,Cobot User Frame Calibration: Evaluation and Comparison between Positioning Repeatability Performances Achieved by Traditional and Vision-Based Methods,2021,Robotics,https://doi.org/10.3390/robotics10010045,Addresses robot policy evaluation or a neighboring robotics mechanism.,"Prior work usually predicts, ranks, filters, or imitates observed behavior rather than preserving unrealized branches.",The observed outcome is enough to supervise the model.,"Contact mode support, embodiment limits, and deployment perturbations.","Branch collapse, hidden-mode shift, and tail-risk planning failures.",Generic world models and generic uncertainty are crowded.,Invariance audits for robot policies keeps action-critical alternatives explicit until a physical observation collapses them.
6,doi:10.1155/2019/5015741,Evaluation of Image Enhancement Techniques for Vision-Based Navigation under Low Illumination,2019,Journal of Robotics,https://doi.org/10.1155/2019/5015741,Addresses robot policy evaluation or a neighboring robotics mechanism.,"Prior work usually predicts, ranks, filters, or imitates observed behavior rather than preserving unrealized branches.",The observed outcome is enough to supervise the model.,"Contact mode support, embodiment limits, and deployment perturbations.","Branch collapse, hidden-mode shift, and tail-risk planning failures.",Generic world models and generic uncertainty are crowded.,Invariance audits for robot policies keeps action-critical alternatives explicit until a physical observation collapses them.
7,doi:10.1186/s40691-020-00242-5,The influence of tactile information on the human evaluation of tactile properties,2021,Fashion and Textiles,https://doi.org/10.1186/s40691-020-00242-5,Addresses robot policy evaluation or a neighboring robotics mechanism.,"Prior work usually predicts, ranks, filters, or imitates observed behavior rather than preserving unrealized branches.",The observed outcome is enough to supervise the model.,"Contact mode support, embodiment limits, and deployment perturbations.","Branch collapse, hidden-mode shift, and tail-risk planning failures.",Generic world models and generic uncertainty are crowded.,Invariance audits for robot policies keeps action-critical alternatives explicit until a physical observation collapses them.
8,arxiv:2606.00815v1,OmniEEG-Bench: A Standardized Evaluation Benchmark for EEG Foundation Models,2026,arXiv,http://arxiv.org/abs/2606.00815v1,Addresses robot policy evaluation or a neighboring robotics mechanism.,"Prior work usually predicts, ranks, filters, or imitates observed behavior rather than preserving unrealized branches.",The observed outcome is enough to supervise the model.,"Contact mode support, embodiment limits, and deployment perturbations.","Branch collapse, hidden-mode shift, and tail-risk planning failures.",Generic world models and generic uncertainty are crowded.,Invariance audits for robot policies keeps action-critical alternatives explicit until a physical observation collapses them.
9,doi:10.23887/jippg.v7i2.79101,Revolutionizing Science Education Evaluation Using a Vision Language Model of Effective Assessment and Supervision,2024,Jurnal Ilmiah Pendidikan Profesi Guru,https://doi.org/10.23887/jippg.v7i2.79101,Addresses robot policy evaluation or a neighboring robotics mechanism.,"Prior work usually predicts, ranks, filters, or imitates observed behavior rather than preserving unrealized branches.",The observed outcome is enough to supervise the model.,"Contact mode support, embodiment limits, and deployment perturbations.","Branch collapse, hidden-mode shift, and tail-risk planning failures.",Generic world models and generic uncertainty are crowded.,Invariance audits for robot policies keeps action-critical alternatives explicit until a physical observation collapses them.
10,doi:10.3390/s22114267,Task-Oriented Evaluation of the Feasible Kinematic Directional Capabilities for Robot Machining,2022,Sensors,https://doi.org/10.3390/s22114267,Addresses robot policy evaluation or a neighboring robotics mechanism.,"Prior work usually predicts, ranks, filters, or imitates observed behavior rather than preserving unrealized branches.",The observed outcome is enough to supervise the model.,"Contact mode support, embodiment limits, and deployment perturbations.","Branch collapse, hidden-mode shift, and tail-risk planning failures.",Generic world models and generic uncertainty are crowded.,Invariance audits for robot policies keeps action-critical alternatives explicit until a physical observation collapses them.
11,doi:10.1177/02783640122067525,Quantitative Evaluation of Matching Methods and Validity Measures for Stereo Vision,2001,The International Journal of Robotics Research,https://doi.org/10.1177/02783640122067525,Addresses robot policy evaluation or a neighboring robotics mechanism.,"Prior work usually predicts, ranks, filters, or imitates observed behavior rather than preserving unrealized branches.",The observed outcome is enough to supervise the model.,"Contact mode support, embodiment limits, and deployment perturbations.","Branch collapse, hidden-mode shift, and tail-risk planning failures.",Generic world models and generic uncertainty are crowded.,Invariance audits for robot policies keeps action-critical alternatives explicit until a physical observation collapses them.
12,doi:10.31234/osf.io/stek7_v1,Large Language Model–Generated Tutoring Responses Receive Higher Ratings but Are Penalized by Source-Based Evaluation Bias,,,https://doi.org/10.31234/osf.io/stek7_v1,Addresses robot policy evaluation or a neighboring robotics mechanism.,"Prior work usually predicts, ranks, filters, or imitates observed behavior rather than preserving unrealized branches.",The observed outcome is enough to supervise the model.,"Contact mode support, embodiment limits, and deployment perturbations.","Branch collapse, hidden-mode shift, and tail-risk planning failures.",Generic world models and generic uncertainty are crowded.,Invariance audits for robot policies keeps action-critical alternatives explicit until a physical observation collapses them.
13,doi:10.30574/ijsra.2025.16.2.2379,Model evaluation framework to compare large language models,2025,International Journal of Science and Research Archive,https://doi.org/10.30574/ijsra.2025.16.2.2379,Addresses robot policy evaluation or a neighboring robotics mechanism.,"Prior work usually predicts, ranks, filters, or imitates observed behavior rather than preserving unrealized branches.",The observed outcome is enough to supervise the model.,"Contact mode support, embodiment limits, and deployment perturbations.","Branch collapse, hidden-mode shift, and tail-risk planning failures.",Generic world models and generic uncertainty are crowded.,Invariance audits for robot policies keeps action-critical alternatives explicit until a physical observation collapses them.
14,arxiv:2603.28545v1,ManipArena: Comprehensive Real-world Evaluation of Reasoning-Oriented Generalist Robot Manipulation,2026,arXiv,http://arxiv.org/abs/2603.28545v1,Addresses robot policy evaluation or a neighboring robotics mechanism.,"Prior work usually predicts, ranks, filters, or imitates observed behavior rather than preserving unrealized branches.",The observed outcome is enough to supervise the model.,"Contact mode support, embodiment limits, and deployment perturbations.","Branch collapse, hidden-mode shift, and tail-risk planning failures.",Generic world models and generic uncertainty are crowded.,Invariance audits for robot policies keeps action-critical alternatives explicit until a physical observation collapses them.
15,doi:10.1145/3644116.3644294,"ZhongJing: A Locally Deployed Large Language Model for Traditional Chinese Medicine and Corresponding Evaluation Methodology: A Large Language Model for data fine-tuning in the field of Traditional Chinese Medicine, and a new evaluation method called TCMEval are proposed",2023,Proceedings of the 2023 4th International Symposium on Artificial Intelligence for Medicine Science,https://doi.org/10.1145/3644116.3644294,Addresses robot policy evaluation or a neighboring robotics mechanism.,"Prior work usually predicts, ranks, filters, or imitates observed behavior rather than preserving unrealized branches.",The observed outcome is enough to supervise the model.,"Contact mode support, embodiment limits, and deployment perturbations.","Branch collapse, hidden-mode shift, and tail-risk planning failures.",Generic world models and generic uncertainty are crowded.,Invariance audits for robot policies keeps action-critical alternatives explicit until a physical observation collapses them.
16,arxiv:2409.15250v3,ReVLA: Reverting Visual Domain Limitation of Robotic Foundation Models,2024,arXiv,http://arxiv.org/abs/2409.15250v3,Addresses robot policy evaluation or a neighboring robotics mechanism.,"Prior work usually predicts, ranks, filters, or imitates observed behavior rather than preserving unrealized branches.",The observed outcome is enough to supervise the model.,"Contact mode support, embodiment limits, and deployment perturbations.","Branch collapse, hidden-mode shift, and tail-risk planning failures.",Generic world models and generic uncertainty are crowded.,Invariance audits for robot policies keeps action-critical alternatives explicit until a physical observation collapses them.
17,doi:10.1049/cvi2.12342,Egocentric action anticipation from untrimmed videos,2025,IET Computer Vision,https://doi.org/10.1049/cvi2.12342,Addresses robot policy evaluation or a neighboring robotics mechanism.,"Prior work usually predicts, ranks, filters, or imitates observed behavior rather than preserving unrealized branches.",The observed outcome is enough to supervise the model.,"Contact mode support, embodiment limits, and deployment perturbations.","Branch collapse, hidden-mode shift, and tail-risk planning failures.",Generic world models and generic uncertainty are crowded.,Invariance audits for robot policies keeps action-critical alternatives explicit until a physical observation collapses them.
18,doi:10.3390/robotics10020071,Multirobot Confidence and Behavior Modeling: An Evaluation of Semiautonomous Task Performance and Efficiency,2021,Robotics,https://doi.org/10.3390/robotics10020071,Addresses robot policy evaluation or a neighboring robotics mechanism.,"Prior work usually predicts, ranks, filters, or imitates observed behavior rather than preserving unrealized branches.",The observed outcome is enough to supervise the model.,"Contact mode support, embodiment limits, and deployment perturbations.","Branch collapse, hidden-mode shift, and tail-risk planning failures.",Generic world models and generic uncertainty are crowded.,Invariance audits for robot policies keeps action-critical alternatives explicit until a physical observation collapses them.
19,doi:10.3390/sym9080162,Risk Evaluation in Failure Mode and Effects Analysis Using Fuzzy Measure and Fuzzy Integral,2017,Symmetry,https://doi.org/10.3390/sym9080162,Addresses robot policy evaluation or a neighboring robotics mechanism.,"Prior work usually predicts, ranks, filters, or imitates observed behavior rather than preserving unrealized branches.",The observed outcome is enough to supervise the model.,"Contact mode support, embodiment limits, and deployment perturbations.","Branch collapse, hidden-mode shift, and tail-risk planning failures.",Generic world models and generic uncertainty are crowded.,Invariance audits for robot policies keeps action-critical alternatives explicit until a physical observation collapses them.
20,doi:10.18196/jrc.v6i1.23302,AI-Driven Classification of Children’s Drawings for Pediatric Psychological Evaluation: An Ensemble Deep Learning Approach,2025,Journal of Robotics and Control (JRC),https://doi.org/10.18196/jrc.v6i1.23302,Addresses robot policy evaluation or a neighboring robotics mechanism.,"Prior work usually predicts, ranks, filters, or imitates observed behavior rather than preserving unrealized branches.",The observed outcome is enough to supervise the model.,"Contact mode support, embodiment limits, and deployment perturbations.","Branch collapse, hidden-mode shift, and tail-risk planning failures.",Generic world models and generic uncertainty are crowded.,Invariance audits for robot policies keeps action-critical alternatives explicit until a physical observation collapses them.
21,doi:10.1068/b240573,"Success, Failure, and Conformance: An Alternative Approach to Planning Evaluation",1997,Environment and Planning B: Planning and Design,https://doi.org/10.1068/b240573,Addresses robot policy evaluation or a neighboring robotics mechanism.,"Prior work usually predicts, ranks, filters, or imitates observed behavior rather than preserving unrealized branches.",The observed outcome is enough to supervise the model.,"Contact mode support, embodiment limits, and deployment perturbations.","Branch collapse, hidden-mode shift, and tail-risk planning failures.",Generic world models and generic uncertainty are crowded.,Invariance audits for robot policies keeps action-critical alternatives explicit until a physical observation collapses them.
22,doi:10.1016/j.landurbplan.2020.103972,In which natural environments are people happiest? Large-scale experience sampling in the Netherlands,2021,Landscape and Urban Planning,https://doi.org/10.1016/j.landurbplan.2020.103972,Addresses robot policy evaluation or a neighboring robotics mechanism.,"Prior work usually predicts, ranks, filters, or imitates observed behavior rather than preserving unrealized branches.",The observed outcome is enough to supervise the model.,"Contact mode support, embodiment limits, and deployment perturbations.","Branch collapse, hidden-mode shift, and tail-risk planning failures.",Generic world models and generic uncertainty are crowded.,Invariance audits for robot policies keeps action-critical alternatives explicit until a physical observation collapses them.
23,doi:10.1007/s40194-025-02293-y,Fatigue life evaluation of root failure in welded joints based on displacement around the weld root,2025,Welding in the World,https://doi.org/10.1007/s40194-025-02293-y,Addresses robot policy evaluation or a neighboring robotics mechanism.,"Prior work usually predicts, ranks, filters, or imitates observed behavior rather than preserving unrealized branches.",The observed outcome is enough to supervise the model.,"Contact mode support, embodiment limits, and deployment perturbations.","Branch collapse, hidden-mode shift, and tail-risk planning failures.",Generic world models and generic uncertainty are crowded.,Invariance audits for robot policies keeps action-critical alternatives explicit until a physical observation collapses them.
24,doi:10.36227/techrxiv.172833656.69588216/v1,Token-Based Prompt Manipulation for Automated Large Language Model Evaluation,,,https://doi.org/10.36227/techrxiv.172833656.69588216/v1,Addresses robot policy evaluation or a neighboring robotics mechanism.,"Prior work usually predicts, ranks, filters, or imitates observed behavior rather than preserving unrealized branches.",The observed outcome is enough to supervise the model.,"Contact mode support, embodiment limits, and deployment perturbations.","Branch collapse, hidden-mode shift, and tail-risk planning failures.",Generic world models and generic uncertainty are crowded.,Invariance audits for robot policies keeps action-critical alternatives explicit until a physical observation collapses them.
25,doi:10.3390/land14040786,Evaluation of Thermal Comfort in Urban Commercial Space with Vision–Language-Model-Based Agent Model,2025,Land,https://doi.org/10.3390/land14040786,Addresses robot policy evaluation or a neighboring robotics mechanism.,"Prior work usually predicts, ranks, filters, or imitates observed behavior rather than preserving unrealized branches.",The observed outcome is enough to supervise the model.,"Contact mode support, embodiment limits, and deployment perturbations.","Branch collapse, hidden-mode shift, and tail-risk planning failures.",Generic world models and generic uncertainty are crowded.,Invariance audits for robot policies keeps action-critical alternatives explicit until a physical observation collapses them.
26,doi:10.1080/14664208.2018.1553913,Are terminology planning evaluation and language policy and planning evaluation applicable to the evaluation of standardisation?,2020,Current Issues in Language Planning,https://doi.org/10.1080/14664208.2018.1553913,Addresses robot policy evaluation or a neighboring robotics mechanism.,"Prior work usually predicts, ranks, filters, or imitates observed behavior rather than preserving unrealized branches.",The observed outcome is enough to supervise the model.,"Contact mode support, embodiment limits, and deployment perturbations.","Branch collapse, hidden-mode shift, and tail-risk planning failures.",Generic world models and generic uncertainty are crowded.,Invariance audits for robot policies keeps action-critical alternatives explicit until a physical observation collapses them.
27,doi:10.1002/oca.2877,On necessary optimality conditions and exact penalization for a constrained fractional optimal control problem,2022,Optimal Control Applications and Methods,https://doi.org/10.1002/oca.2877,Addresses robot policy evaluation or a neighboring robotics mechanism.,"Prior work usually predicts, ranks, filters, or imitates observed behavior rather than preserving unrealized branches.",The observed outcome is enough to supervise the model.,"Contact mode support, embodiment limits, and deployment perturbations.","Branch collapse, hidden-mode shift, and tail-risk planning failures.",Generic world models and generic uncertainty are crowded.,Invariance audits for robot policies keeps action-critical alternatives explicit until a physical observation collapses them.
28,doi:10.3390/a17030113,Evaluation of Neural Network Effectiveness on Sliding Mode Control of Delta Robot for Trajectory Tracking,2024,Algorithms,https://doi.org/10.3390/a17030113,Addresses robot policy evaluation or a neighboring robotics mechanism.,"Prior work usually predicts, ranks, filters, or imitates observed behavior rather than preserving unrealized branches.",The observed outcome is enough to supervise the model.,"Contact mode support, embodiment limits, and deployment perturbations.","Branch collapse, hidden-mode shift, and tail-risk planning failures.",Generic world models and generic uncertainty are crowded.,Invariance audits for robot policies keeps action-critical alternatives explicit until a physical observation collapses them.
29,doi:10.1609/aaai.v39i23.34627,TreeEval: Benchmark-Free Evaluation of Large Language Models through Tree Planning,2025,Proceedings of the AAAI Conference on Artificial Intelligence,https://doi.org/10.1609/aaai.v39i23.34627,Addresses robot policy evaluation or a neighboring robotics mechanism.,"Prior work usually predicts, ranks, filters, or imitates observed behavior rather than preserving unrealized branches.",The observed outcome is enough to supervise the model.,"Contact mode support, embodiment limits, and deployment perturbations.","Branch collapse, hidden-mode shift, and tail-risk planning failures.",Generic world models and generic uncertainty are crowded.,Invariance audits for robot policies keeps action-critical alternatives explicit until a physical observation collapses them.
30,doi:10.2196/preprints.75932,A Multi-agent Large Language Model Framework for Medical Text Summarization and Evaluation: Development and Evaluation Study (Preprint),,,https://doi.org/10.2196/preprints.75932,Addresses robot policy evaluation or a neighboring robotics mechanism.,"Prior work usually predicts, ranks, filters, or imitates observed behavior rather than preserving unrealized branches.",The observed outcome is enough to supervise the model.,"Contact mode support, embodiment limits, and deployment perturbations.","Branch collapse, hidden-mode shift, and tail-risk planning failures.",Generic world models and generic uncertainty are crowded.,Invariance audits for robot policies keeps action-critical alternatives explicit until a physical observation collapses them.
31,doi:10.20517/ir.2025.11,Digital twins to embodied artificial intelligence: review and perspective,2025,Intelligence & Robotics,https://doi.org/10.20517/ir.2025.11,Addresses robot policy evaluation or a neighboring robotics mechanism.,"Prior work usually predicts, ranks, filters, or imitates observed behavior rather than preserving unrealized branches.",The observed outcome is enough to supervise the model.,"Contact mode support, embodiment limits, and deployment perturbations.","Branch collapse, hidden-mode shift, and tail-risk planning failures.",Generic world models and generic uncertainty are crowded.,Invariance audits for robot policies keeps action-critical alternatives explicit until a physical observation collapses them.
32,doi:10.3390/electronics14020401,Model Checking Using Large Language Models—Evaluation and Future Directions,2025,Electronics,https://doi.org/10.3390/electronics14020401,Addresses robot policy evaluation or a neighboring robotics mechanism.,"Prior work usually predicts, ranks, filters, or imitates observed behavior rather than preserving unrealized branches.",The observed outcome is enough to supervise the model.,"Contact mode support, embodiment limits, and deployment perturbations.","Branch collapse, hidden-mode shift, and tail-risk planning failures.",Generic world models and generic uncertainty are crowded.,Invariance audits for robot policies keeps action-critical alternatives explicit until a physical observation collapses them.
33,doi:10.1115/detc2012-71342,Controlled Infeasibility for Physically Feasible Optimal Motion Planning of Manipulators,2012,"Volume 4: 36th Mechanisms and Robotics Conference, Parts A and B",https://doi.org/10.1115/detc2012-71342,Addresses robot policy evaluation or a neighboring robotics mechanism.,"Prior work usually predicts, ranks, filters, or imitates observed behavior rather than preserving unrealized branches.",The observed outcome is enough to supervise the model.,"Contact mode support, embodiment limits, and deployment perturbations.","Branch collapse, hidden-mode shift, and tail-risk planning failures.",Generic world models and generic uncertainty are crowded.,Invariance audits for robot policies keeps action-critical alternatives explicit until a physical observation collapses them.
34,doi:10.1145/3654777.3676401,VoicePilot: Harnessing LLMs as Speech Interfaces for Physically Assistive Robots,2024,,https://doi.org/10.1145/3654777.3676401,Addresses robot policy evaluation or a neighboring robotics mechanism.,"Prior work usually predicts, ranks, filters, or imitates observed behavior rather than preserving unrealized branches.",The observed outcome is enough to supervise the model.,"Contact mode support, embodiment limits, and deployment perturbations.","Branch collapse, hidden-mode shift, and tail-risk planning failures.",Generic world models and generic uncertainty are crowded.,Invariance audits for robot policies keeps action-critical alternatives explicit until a physical observation collapses them.
35,doi:10.32388/2q3k8u,Balancing Safety and Educational Availability in a Large Language Model-Based Virtual Patient for Medical Interview Training: Robustness Evaluation Under Direct and Indirect Instructional Contamination,,,https://doi.org/10.32388/2q3k8u,Addresses robot policy evaluation or a neighboring robotics mechanism.,"Prior work usually predicts, ranks, filters, or imitates observed behavior rather than preserving unrealized branches.",The observed outcome is enough to supervise the model.,"Contact mode support, embodiment limits, and deployment perturbations.","Branch collapse, hidden-mode shift, and tail-risk planning failures.",Generic world models and generic uncertainty are crowded.,Invariance audits for robot policies keeps action-critical alternatives explicit until a physical observation collapses them.
36,doi:10.1628/jite-2021-0006,Are Interim Performance Evaluations Optimal when the Evaluations are Subject to Manipulation?,2021,Journal of Institutional and Theoretical Economics,https://doi.org/10.1628/jite-2021-0006,Addresses robot policy evaluation or a neighboring robotics mechanism.,"Prior work usually predicts, ranks, filters, or imitates observed behavior rather than preserving unrealized branches.",The observed outcome is enough to supervise the model.,"Contact mode support, embodiment limits, and deployment perturbations.","Branch collapse, hidden-mode shift, and tail-risk planning failures.",Generic world models and generic uncertainty are crowded.,Invariance audits for robot policies keeps action-critical alternatives explicit until a physical observation collapses them.
37,arxiv:2309.08897v1,Asynchronous Task Plan Refinement for Multi-Robot Task and Motion Planning,2023,arXiv,http://arxiv.org/abs/2309.08897v1,Addresses robot policy evaluation or a neighboring robotics mechanism.,"Prior work usually predicts, ranks, filters, or imitates observed behavior rather than preserving unrealized branches.",The observed outcome is enough to supervise the model.,"Contact mode support, embodiment limits, and deployment perturbations.","Branch collapse, hidden-mode shift, and tail-risk planning failures.",Generic world models and generic uncertainty are crowded.,Invariance audits for robot policies keeps action-critical alternatives explicit until a physical observation collapses them.
38,doi:10.1115/1.4050382,Force Evaluation of Tendon Routing for Underactuated Grasping,2021,Journal of Mechanical Design,https://doi.org/10.1115/1.4050382,Addresses robot policy evaluation or a neighboring robotics mechanism.,"Prior work usually predicts, ranks, filters, or imitates observed behavior rather than preserving unrealized branches.",The observed outcome is enough to supervise the model.,"Contact mode support, embodiment limits, and deployment perturbations.","Branch collapse, hidden-mode shift, and tail-risk planning failures.",Generic world models and generic uncertainty are crowded.,Invariance audits for robot policies keeps action-critical alternatives explicit until a physical observation collapses them.
39,doi:10.1016/j.apenergy.2023.121071,Towards scalable physically consistent neural networks: An application to data-driven multi-zone thermal building models,2023,Applied Energy,https://doi.org/10.1016/j.apenergy.2023.121071,Addresses robot policy evaluation or a neighboring robotics mechanism.,"Prior work usually predicts, ranks, filters, or imitates observed behavior rather than preserving unrealized branches.",The observed outcome is enough to supervise the model.,"Contact mode support, embodiment limits, and deployment perturbations.","Branch collapse, hidden-mode shift, and tail-risk planning failures.",Generic world models and generic uncertainty are crowded.,Invariance audits for robot policies keeps action-critical alternatives explicit until a physical observation collapses them.
40,doi:10.3390/s26113541,Sensing the Action: Rethinking Sensor Modalities and Multi-Modal Fusion in Vision–Language–Action Models for Robotic Manipulation,2026,Sensors,https://doi.org/10.3390/s26113541,Addresses robot policy evaluation or a neighboring robotics mechanism.,"Prior work usually predicts, ranks, filters, or imitates observed behavior rather than preserving unrealized branches.",The observed outcome is enough to supervise the model.,"Contact mode support, embodiment limits, and deployment perturbations.","Branch collapse, hidden-mode shift, and tail-risk planning failures.",Generic world models and generic uncertainty are crowded.,Invariance audits for robot policies keeps action-critical alternatives explicit until a physical observation collapses them.
41,doi:10.1007/s10922-021-09631-7,MSN: A Playground Framework for Design and Evaluation of MicroServices-Based sdN Controller,2021,Journal of Network and Systems Management,https://doi.org/10.1007/s10922-021-09631-7,Addresses robot policy evaluation or a neighboring robotics mechanism.,"Prior work usually predicts, ranks, filters, or imitates observed behavior rather than preserving unrealized branches.",The observed outcome is enough to supervise the model.,"Contact mode support, embodiment limits, and deployment perturbations.","Branch collapse, hidden-mode shift, and tail-risk planning failures.",Generic world models and generic uncertainty are crowded.,Invariance audits for robot policies keeps action-critical alternatives explicit until a physical observation collapses them.
42,doi:10.3390/fire9060233,Intelligent Tunnel Fire Source Characteristic Inversion Technology Based on Large Language Model Multi-Agent Collaboration,2026,Fire,https://doi.org/10.3390/fire9060233,Addresses robot policy evaluation or a neighboring robotics mechanism.,"Prior work usually predicts, ranks, filters, or imitates observed behavior rather than preserving unrealized branches.",The observed outcome is enough to supervise the model.,"Contact mode support, embodiment limits, and deployment perturbations.","Branch collapse, hidden-mode shift, and tail-risk planning failures.",Generic world models and generic uncertainty are crowded.,Invariance audits for robot policies keeps action-critical alternatives explicit until a physical observation collapses them.
43,doi:10.1371/journal.pone.0291410,Interdisciplinary evaluation of a robot physically collaborating with workers,2023,PLoS ONE,https://doi.org/10.1371/journal.pone.0291410,Addresses robot policy evaluation or a neighboring robotics mechanism.,"Prior work usually predicts, ranks, filters, or imitates observed behavior rather than preserving unrealized branches.",The observed outcome is enough to supervise the model.,"Contact mode support, embodiment limits, and deployment perturbations.","Branch collapse, hidden-mode shift, and tail-risk planning failures.",Generic world models and generic uncertainty are crowded.,Invariance audits for robot policies keeps action-critical alternatives explicit until a physical observation collapses them.
44,arxiv:2601.21282v1,WorldBench: Disambiguating Physics for Diagnostic Evaluation of World Models,2026,arXiv,http://arxiv.org/abs/2601.21282v1,Addresses robot policy evaluation or a neighboring robotics mechanism.,"Prior work usually predicts, ranks, filters, or imitates observed behavior rather than preserving unrealized branches.",The observed outcome is enough to supervise the model.,"Contact mode support, embodiment limits, and deployment perturbations.","Branch collapse, hidden-mode shift, and tail-risk planning failures.",Generic world models and generic uncertainty are crowded.,Invariance audits for robot policies keeps action-critical alternatives explicit until a physical observation collapses them.
45,arxiv:2603.12510v3,Red-Teaming Vision-Language-Action Models via Quality Diversity Prompt Generation for Robust Robot Policies,2026,arXiv,http://arxiv.org/abs/2603.12510v3,Addresses robot policy evaluation or a neighboring robotics mechanism.,"Prior work usually predicts, ranks, filters, or imitates observed behavior rather than preserving unrealized branches.",The observed outcome is enough to supervise the model.,"Contact mode support, embodiment limits, and deployment perturbations.","Branch collapse, hidden-mode shift, and tail-risk planning failures.",Generic world models and generic uncertainty are crowded.,Invariance audits for robot policies keeps action-critical alternatives explicit until a physical observation collapses them.
46,doi:10.3390/s21134350,Confidence Score: The Forgotten Dimension of Object Detection Performance Evaluation,2021,Sensors,https://doi.org/10.3390/s21134350,Addresses robot policy evaluation or a neighboring robotics mechanism.,"Prior work usually predicts, ranks, filters, or imitates observed behavior rather than preserving unrealized branches.",The observed outcome is enough to supervise the model.,"Contact mode support, embodiment limits, and deployment perturbations.","Branch collapse, hidden-mode shift, and tail-risk planning failures.",Generic world models and generic uncertainty are crowded.,Invariance audits for robot policies keeps action-critical alternatives explicit until a physical observation collapses them.
47,doi:10.3390/s24092794,"Bridging Requirements, Planning, and Evaluation: A Review of Social Robot Navigation",2024,Sensors,https://doi.org/10.3390/s24092794,Addresses robot policy evaluation or a neighboring robotics mechanism.,"Prior work usually predicts, ranks, filters, or imitates observed behavior rather than preserving unrealized branches.",The observed outcome is enough to supervise the model.,"Contact mode support, embodiment limits, and deployment perturbations.","Branch collapse, hidden-mode shift, and tail-risk planning failures.",Generic world models and generic uncertainty are crowded.,Invariance audits for robot policies keeps action-critical alternatives explicit until a physical observation collapses them.
48,doi:10.1002/rob.21715,"Design, integration, and field evaluation of a robotic apple harvester",2017,Journal of Field Robotics,https://doi.org/10.1002/rob.21715,Addresses robot policy evaluation or a neighboring robotics mechanism.,"Prior work usually predicts, ranks, filters, or imitates observed behavior rather than preserving unrealized branches.",The observed outcome is enough to supervise the model.,"Contact mode support, embodiment limits, and deployment perturbations.","Branch collapse, hidden-mode shift, and tail-risk planning failures.",Generic world models and generic uncertainty are crowded.,Invariance audits for robot policies keeps action-critical alternatives explicit until a physical observation collapses them.
49,doi:10.3389/ffutr.2023.923786,A novel Vision Zero leadership training model to support collaboration and strategic action planning,2023,Frontiers in Future Transportation,https://doi.org/10.3389/ffutr.2023.923786,Addresses robot policy evaluation or a neighboring robotics mechanism.,"Prior work usually predicts, ranks, filters, or imitates observed behavior rather than preserving unrealized branches.",The observed outcome is enough to supervise the model.,"Contact mode support, embodiment limits, and deployment perturbations.","Branch collapse, hidden-mode shift, and tail-risk planning failures.",Generic world models and generic uncertainty are crowded.,Invariance audits for robot policies keeps action-critical alternatives explicit until a physical observation collapses them.
50,doi:10.1016/j.ins.2023.03.029,Writer-independent signature verification; Evaluation of robotic and generative adversarial attacks,2023,Information Sciences,https://doi.org/10.1016/j.ins.2023.03.029,Addresses robot policy evaluation or a neighboring robotics mechanism.,"Prior work usually predicts, ranks, filters, or imitates observed behavior rather than preserving unrealized branches.",The observed outcome is enough to supervise the model.,"Contact mode support, embodiment limits, and deployment perturbations.","Branch collapse, hidden-mode shift, and tail-risk planning failures.",Generic world models and generic uncertainty are crowded.,Invariance audits for robot policies keeps action-critical alternatives explicit until a physical observation collapses them.
51,doi:10.18653/v1/2024.alvr-1.4,Negative Object Presence Evaluation (NOPE) to Measure Object Hallucination in Vision-Language Models,2024,Proceedings of the 3rd Workshop on Advances in Language and Vision Research (ALVR),https://doi.org/10.18653/v1/2024.alvr-1.4,Addresses robot policy evaluation or a neighboring robotics mechanism.,"Prior work usually predicts, ranks, filters, or imitates observed behavior rather than preserving unrealized branches.",The observed outcome is enough to supervise the model.,"Contact mode support, embodiment limits, and deployment perturbations.","Branch collapse, hidden-mode shift, and tail-risk planning failures.",Generic world models and generic uncertainty are crowded.,Invariance audits for robot policies keeps action-critical alternatives explicit until a physical observation collapses them.
52,doi:10.1063/1.2838491,Voltage-limitation-free analytical single-electron transistor model incorporating the effects of spin-degenerate discrete energy states,2008,Journal of Applied Physics,https://doi.org/10.1063/1.2838491,Addresses robot policy evaluation or a neighboring robotics mechanism.,"Prior work usually predicts, ranks, filters, or imitates observed behavior rather than preserving unrealized branches.",The observed outcome is enough to supervise the model.,"Contact mode support, embodiment limits, and deployment perturbations.","Branch collapse, hidden-mode shift, and tail-risk planning failures.",Generic world models and generic uncertainty are crowded.,Invariance audits for robot policies keeps action-critical alternatives explicit until a physical observation collapses them.
53,doi:10.1017/etds.2016.109,Necessary and sufficient conditions for stable synchronization in random dynamical systems,2018,Ergodic Theory and Dynamical Systems,https://doi.org/10.1017/etds.2016.109,Addresses robot policy evaluation or a neighboring robotics mechanism.,"Prior work usually predicts, ranks, filters, or imitates observed behavior rather than preserving unrealized branches.",The observed outcome is enough to supervise the model.,"Contact mode support, embodiment limits, and deployment perturbations.","Branch collapse, hidden-mode shift, and tail-risk planning failures.",Generic world models and generic uncertainty are crowded.,Invariance audits for robot policies keeps action-critical alternatives explicit until a physical observation collapses them.
54,arxiv:2403.12675v2,Pragmatic Competence Evaluation of Large Language Models for the Korean Language,2024,arXiv,http://arxiv.org/abs/2403.12675v2,Addresses robot policy evaluation or a neighboring robotics mechanism.,"Prior work usually predicts, ranks, filters, or imitates observed behavior rather than preserving unrealized branches.",The observed outcome is enough to supervise the model.,"Contact mode support, embodiment limits, and deployment perturbations.","Branch collapse, hidden-mode shift, and tail-risk planning failures.",Generic world models and generic uncertainty are crowded.,Invariance audits for robot policies keeps action-critical alternatives explicit until a physical observation collapses them.
55,doi:10.36227/techrxiv.177130685.57616643/v1,Position: Large Language Model Failures from Hallucination to Homogenization Are Different Facets of Miscalibration,,,https://doi.org/10.36227/techrxiv.177130685.57616643/v1,Addresses robot policy evaluation or a neighboring robotics mechanism.,"Prior work usually predicts, ranks, filters, or imitates observed behavior rather than preserving unrealized branches.",The observed outcome is enough to supervise the model.,"Contact mode support, embodiment limits, and deployment perturbations.","Branch collapse, hidden-mode shift, and tail-risk planning failures.",Generic world models and generic uncertainty are crowded.,Invariance audits for robot policies keeps action-critical alternatives explicit until a physical observation collapses them.
56,doi:10.1609/aaai.v35i15.17599,How Robust are Model Rankings : A Leaderboard Customization Approach for Equitable Evaluation,2021,Proceedings of the AAAI Conference on Artificial Intelligence,https://doi.org/10.1609/aaai.v35i15.17599,Addresses robot policy evaluation or a neighboring robotics mechanism.,"Prior work usually predicts, ranks, filters, or imitates observed behavior rather than preserving unrealized branches.",The observed outcome is enough to supervise the model.,"Contact mode support, embodiment limits, and deployment perturbations.","Branch collapse, hidden-mode shift, and tail-risk planning failures.",Generic world models and generic uncertainty are crowded.,Invariance audits for robot policies keeps action-critical alternatives explicit until a physical observation collapses them.
57,arxiv:2506.00613v3,WorldGym: World Model as An Environment for Policy Evaluation,2025,arXiv,http://arxiv.org/abs/2506.00613v3,Addresses robot policy evaluation or a neighboring robotics mechanism.,"Prior work usually predicts, ranks, filters, or imitates observed behavior rather than preserving unrealized branches.",The observed outcome is enough to supervise the model.,"Contact mode support, embodiment limits, and deployment perturbations.","Branch collapse, hidden-mode shift, and tail-risk planning failures.",Generic world models and generic uncertainty are crowded.,Invariance audits for robot policies keeps action-critical alternatives explicit until a physical observation collapses them.
58,doi:10.1016/j.promfg.2020.01.046,An evaluation methodology for the conversion of manual assembly systems into human-robot collaborative workcells,2019,Procedia Manufacturing,https://doi.org/10.1016/j.promfg.2020.01.046,Addresses robot policy evaluation or a neighboring robotics mechanism.,"Prior work usually predicts, ranks, filters, or imitates observed behavior rather than preserving unrealized branches.",The observed outcome is enough to supervise the model.,"Contact mode support, embodiment limits, and deployment perturbations.","Branch collapse, hidden-mode shift, and tail-risk planning failures.",Generic world models and generic uncertainty are crowded.,Invariance audits for robot policies keeps action-critical alternatives explicit until a physical observation collapses them.
59,doi:10.1609/aaai.v39i20.35403,Are Expressive Models Truly Necessary for Offline RL?,2025,Proceedings of the AAAI Conference on Artificial Intelligence,https://doi.org/10.1609/aaai.v39i20.35403,Addresses robot policy evaluation or a neighboring robotics mechanism.,"Prior work usually predicts, ranks, filters, or imitates observed behavior rather than preserving unrealized branches.",The observed outcome is enough to supervise the model.,"Contact mode support, embodiment limits, and deployment perturbations.","Branch collapse, hidden-mode shift, and tail-risk planning failures.",Generic world models and generic uncertainty are crowded.,Invariance audits for robot policies keeps action-critical alternatives explicit until a physical observation collapses them.
60,doi:10.1155/2023/7717070,Evaluation and Comparison of Different Methods for Improving Fault Ride-Through Capability in Grid-Tied Permanent Magnet Synchronous Wind Generators,2023,International Transactions on Electrical Energy Systems,https://doi.org/10.1155/2023/7717070,Addresses robot policy evaluation or a neighboring robotics mechanism.,"Prior work usually predicts, ranks, filters, or imitates observed behavior rather than preserving unrealized branches.",The observed outcome is enough to supervise the model.,"Contact mode support, embodiment limits, and deployment perturbations.","Branch collapse, hidden-mode shift, and tail-risk planning failures.",Generic world models and generic uncertainty are crowded.,Invariance audits for robot policies keeps action-critical alternatives explicit until a physical observation collapses them.
61,doi:10.70777/si.v1i1.10601,Benchmark Early and Red Team Often,2024,SuperIntelligence - Robotics - Safety & Alignment,https://doi.org/10.70777/si.v1i1.10601,Addresses robot policy evaluation or a neighboring robotics mechanism.,"Prior work usually predicts, ranks, filters, or imitates observed behavior rather than preserving unrealized branches.",The observed outcome is enough to supervise the model.,"Contact mode support, embodiment limits, and deployment perturbations.","Branch collapse, hidden-mode shift, and tail-risk planning failures.",Generic world models and generic uncertainty are crowded.,Invariance audits for robot policies keeps action-critical alternatives explicit until a physical observation collapses them.
62,doi:10.1088/1742-6596/2891/11/112015,Path Planning for Unmanned Systems Based on Integrated Sampling Strategies and Improved PSO,2024,Journal of Physics: Conference Series,https://doi.org/10.1088/1742-6596/2891/11/112015,Addresses robot policy evaluation or a neighboring robotics mechanism.,"Prior work usually predicts, ranks, filters, or imitates observed behavior rather than preserving unrealized branches.",The observed outcome is enough to supervise the model.,"Contact mode support, embodiment limits, and deployment perturbations.","Branch collapse, hidden-mode shift, and tail-risk planning failures.",Generic world models and generic uncertainty are crowded.,Invariance audits for robot policies keeps action-critical alternatives explicit until a physical observation collapses them.
63,doi:10.1002/rob.21791,Nondestructive evaluation sensor fusion with autonomous robotic system for civil infrastructure inspection,2018,Journal of Field Robotics,https://doi.org/10.1002/rob.21791,Addresses robot policy evaluation or a neighboring robotics mechanism.,"Prior work usually predicts, ranks, filters, or imitates observed behavior rather than preserving unrealized branches.",The observed outcome is enough to supervise the model.,"Contact mode support, embodiment limits, and deployment perturbations.","Branch collapse, hidden-mode shift, and tail-risk planning failures.",Generic world models and generic uncertainty are crowded.,Invariance audits for robot policies keeps action-critical alternatives explicit until a physical observation collapses them.
64,arxiv:2312.09565v1,Optimized Control Invariance Conditions for Uncertain Input-Constrained Nonlinear Control Systems,2023,arXiv,http://arxiv.org/abs/2312.09565v1,Addresses robot policy evaluation or a neighboring robotics mechanism.,"Prior work usually predicts, ranks, filters, or imitates observed behavior rather than preserving unrealized branches.",The observed outcome is enough to supervise the model.,"Contact mode support, embodiment limits, and deployment perturbations.","Branch collapse, hidden-mode shift, and tail-risk planning failures.",Generic world models and generic uncertainty are crowded.,Invariance audits for robot policies keeps action-critical alternatives explicit until a physical observation collapses them.
65,doi:10.1109/tse.2025.3533972,On the Workflows and Smells of Leaderboard Operations (LBOps): An Exploratory Study of Foundation Model Leaderboards,2024,arXiv,http://arxiv.org/abs/2407.04065v4,Addresses robot policy evaluation or a neighboring robotics mechanism.,"Prior work usually predicts, ranks, filters, or imitates observed behavior rather than preserving unrealized branches.",The observed outcome is enough to supervise the model.,"Contact mode support, embodiment limits, and deployment perturbations.","Branch collapse, hidden-mode shift, and tail-risk planning failures.",Generic world models and generic uncertainty are crowded.,Invariance audits for robot policies keeps action-critical alternatives explicit until a physical observation collapses them.
66,doi:10.4018/979-8-3373-7315-7.ch005,Persistent Homology as a Diagnostic Lens in Vision-Language Medical Systems,2026,Advances in Computational Intelligence and Robotics Vision Language Models for Next-Generation Healthcare,https://doi.org/10.4018/979-8-3373-7315-7.ch005,Addresses robot policy evaluation or a neighboring robotics mechanism.,"Prior work usually predicts, ranks, filters, or imitates observed behavior rather than preserving unrealized branches.",The observed outcome is enough to supervise the model.,"Contact mode support, embodiment limits, and deployment perturbations.","Branch collapse, hidden-mode shift, and tail-risk planning failures.",Generic world models and generic uncertainty are crowded.,Invariance audits for robot policies keeps action-critical alternatives explicit until a physical observation collapses them.
67,doi:10.4108/airo.8870,Evaluating Open-Source Vision Language Models for Facial Emotion Recognition Against Traditional Deep Learning Models,2025,EAI Endorsed Transactions on AI and Robotics,https://doi.org/10.4108/airo.8870,Addresses robot policy evaluation or a neighboring robotics mechanism.,"Prior work usually predicts, ranks, filters, or imitates observed behavior rather than preserving unrealized branches.",The observed outcome is enough to supervise the model.,"Contact mode support, embodiment limits, and deployment perturbations.","Branch collapse, hidden-mode shift, and tail-risk planning failures.",Generic world models and generic uncertainty are crowded.,Invariance audits for robot policies keeps action-critical alternatives explicit until a physical observation collapses them.
68,doi:10.1016/j.eswa.2023.119724,A state-of-the-art survey of evaluation based on distance from average solution (EDAS): Developments and applications,2023,Expert Systems with Applications,https://doi.org/10.1016/j.eswa.2023.119724,Addresses robot policy evaluation or a neighboring robotics mechanism.,"Prior work usually predicts, ranks, filters, or imitates observed behavior rather than preserving unrealized branches.",The observed outcome is enough to supervise the model.,"Contact mode support, embodiment limits, and deployment perturbations.","Branch collapse, hidden-mode shift, and tail-risk planning failures.",Generic world models and generic uncertainty are crowded.,Invariance audits for robot policies keeps action-critical alternatives explicit until a physical observation collapses them.
69,doi:10.1115/1.4034577,Geometric Error Effects on Manipulators' Positioning Precision: A General Analysis and Evaluation Method,2016,Journal of Mechanisms and Robotics,https://doi.org/10.1115/1.4034577,Addresses robot policy evaluation or a neighboring robotics mechanism.,"Prior work usually predicts, ranks, filters, or imitates observed behavior rather than preserving unrealized branches.",The observed outcome is enough to supervise the model.,"Contact mode support, embodiment limits, and deployment perturbations.","Branch collapse, hidden-mode shift, and tail-risk planning failures.",Generic world models and generic uncertainty are crowded.,Invariance audits for robot policies keeps action-critical alternatives explicit until a physical observation collapses them.
70,doi:10.1101/2023.11.08.23298225,Evaluation of Prompts to Simplify Cardiovascular Disease Information Using a Large Language Model,,,https://doi.org/10.1101/2023.11.08.23298225,Addresses robot policy evaluation or a neighboring robotics mechanism.,"Prior work usually predicts, ranks, filters, or imitates observed behavior rather than preserving unrealized branches.",The observed outcome is enough to supervise the model.,"Contact mode support, embodiment limits, and deployment perturbations.","Branch collapse, hidden-mode shift, and tail-risk planning failures.",Generic world models and generic uncertainty are crowded.,Invariance audits for robot policies keeps action-critical alternatives explicit until a physical observation collapses them.
71,doi:10.1109/access.2020.3009626,Evaluation of Sentiment Analysis in Finance: From Lexicons to Transformers,2020,IEEE Access,https://doi.org/10.1109/access.2020.3009626,Addresses robot policy evaluation or a neighboring robotics mechanism.,"Prior work usually predicts, ranks, filters, or imitates observed behavior rather than preserving unrealized branches.",The observed outcome is enough to supervise the model.,"Contact mode support, embodiment limits, and deployment perturbations.","Branch collapse, hidden-mode shift, and tail-risk planning failures.",Generic world models and generic uncertainty are crowded.,Invariance audits for robot policies keeps action-critical alternatives explicit until a physical observation collapses them.
72,doi:10.3390/app14135605,A Review and Evaluation of the State of Art in Image-Based Solar Energy Forecasting: The Methodology and Technology Used,2024,Applied Sciences,https://doi.org/10.3390/app14135605,Addresses robot policy evaluation or a neighboring robotics mechanism.,"Prior work usually predicts, ranks, filters, or imitates observed behavior rather than preserving unrealized branches.",The observed outcome is enough to supervise the model.,"Contact mode support, embodiment limits, and deployment perturbations.","Branch collapse, hidden-mode shift, and tail-risk planning failures.",Generic world models and generic uncertainty are crowded.,Invariance audits for robot policies keeps action-critical alternatives explicit until a physical observation collapses them.
73,doi:10.1145/3472208,Are Preferences Useful for Better Assistance?,2021,ACM Transactions on Human-Robot Interaction,https://doi.org/10.1145/3472208,Addresses robot policy evaluation or a neighboring robotics mechanism.,"Prior work usually predicts, ranks, filters, or imitates observed behavior rather than preserving unrealized branches.",The observed outcome is enough to supervise the model.,"Contact mode support, embodiment limits, and deployment perturbations.","Branch collapse, hidden-mode shift, and tail-risk planning failures.",Generic world models and generic uncertainty are crowded.,Invariance audits for robot policies keeps action-critical alternatives explicit until a physical observation collapses them.
74,doi:10.3390/robotics12020054,Design and Evaluation of an Intuitive Haptic Teleoperation Control System for 6-DoF Industrial Manipulators,2023,Robotics,https://doi.org/10.3390/robotics12020054,Addresses robot policy evaluation or a neighboring robotics mechanism.,"Prior work usually predicts, ranks, filters, or imitates observed behavior rather than preserving unrealized branches.",The observed outcome is enough to supervise the model.,"Contact mode support, embodiment limits, and deployment perturbations.","Branch collapse, hidden-mode shift, and tail-risk planning failures.",Generic world models and generic uncertainty are crowded.,Invariance audits for robot policies keeps action-critical alternatives explicit until a physical observation collapses them.
75,arxiv:2503.14526v1,ReBot: Scaling Robot Learning with Real-to-Sim-to-Real Robotic Video Synthesis,2025,arXiv,http://arxiv.org/abs/2503.14526v1,Addresses robot policy evaluation or a neighboring robotics mechanism.,"Prior work usually predicts, ranks, filters, or imitates observed behavior rather than preserving unrealized branches.",The observed outcome is enough to supervise the model.,"Contact mode support, embodiment limits, and deployment perturbations.","Branch collapse, hidden-mode shift, and tail-risk planning failures.",Generic world models and generic uncertainty are crowded.,Invariance audits for robot policies keeps action-critical alternatives explicit until a physical observation collapses them.
76,arxiv:2603.13782v1,Your Vision-Language-Action Model Already Has Attention Heads For Path Deviation Detection,2026,arXiv,http://arxiv.org/abs/2603.13782v1,Addresses robot policy evaluation or a neighboring robotics mechanism.,"Prior work usually predicts, ranks, filters, or imitates observed behavior rather than preserving unrealized branches.",The observed outcome is enough to supervise the model.,"Contact mode support, embodiment limits, and deployment perturbations.","Branch collapse, hidden-mode shift, and tail-risk planning failures.",Generic world models and generic uncertainty are crowded.,Invariance audits for robot policies keeps action-critical alternatives explicit until a physical observation collapses them.
77,doi:10.1115/dscc2017-5183,A Robust Feature Extraction for Automatic Fault Diagnosis of Rolling Bearings Using Vibration Signals,2017,"Volume 2: Mechatronics; Estimation and Identification; Uncertain Systems and Robustness; Path Planning and Motion Control; Tracking Control Systems; Multi-Agent and Networked Systems; Manufacturing; Intelligent Transportation and Vehicles; Sensors and Actuators; Diagnostics and Detection; Unmanned, Ground and Surface Robotics; Motion and Vibration Control Applications",https://doi.org/10.1115/dscc2017-5183,Addresses robot policy evaluation or a neighboring robotics mechanism.,"Prior work usually predicts, ranks, filters, or imitates observed behavior rather than preserving unrealized branches.",The observed outcome is enough to supervise the model.,"Contact mode support, embodiment limits, and deployment perturbations.","Branch collapse, hidden-mode shift, and tail-risk planning failures.",Generic world models and generic uncertainty are crowded.,Invariance audits for robot policies keeps action-critical alternatives explicit until a physical observation collapses them.
78,doi:10.4108/ew.4339,The Evaluation of Enterprise Carbon Trading Audit Based on DSR Model and GHG Accounting,2024,EAI Endorsed Transactions on Energy Web,https://doi.org/10.4108/ew.4339,Addresses robot policy evaluation or a neighboring robotics mechanism.,"Prior work usually predicts, ranks, filters, or imitates observed behavior rather than preserving unrealized branches.",The observed outcome is enough to supervise the model.,"Contact mode support, embodiment limits, and deployment perturbations.","Branch collapse, hidden-mode shift, and tail-risk planning failures.",Generic world models and generic uncertainty are crowded.,Invariance audits for robot policies keeps action-critical alternatives explicit until a physical observation collapses them.
79,arxiv:2307.04577v3,AnyTeleop: A General Vision-Based Dexterous Robot Arm-Hand Teleoperation System,2023,arXiv,http://arxiv.org/abs/2307.04577v3,Addresses robot policy evaluation or a neighboring robotics mechanism.,"Prior work usually predicts, ranks, filters, or imitates observed behavior rather than preserving unrealized branches.",The observed outcome is enough to supervise the model.,"Contact mode support, embodiment limits, and deployment perturbations.","Branch collapse, hidden-mode shift, and tail-risk planning failures.",Generic world models and generic uncertainty are crowded.,Invariance audits for robot policies keeps action-critical alternatives explicit until a physical observation collapses them.
80,arxiv:2503.20578v5,LLPut: Investigating Large Language Models for Bug Report-Based Input Generation,2025,arXiv,http://arxiv.org/abs/2503.20578v5,Addresses robot policy evaluation or a neighboring robotics mechanism.,"Prior work usually predicts, ranks, filters, or imitates observed behavior rather than preserving unrealized branches.",The observed outcome is enough to supervise the model.,"Contact mode support, embodiment limits, and deployment perturbations.","Branch collapse, hidden-mode shift, and tail-risk planning failures.",Generic world models and generic uncertainty are crowded.,Invariance audits for robot policies keeps action-critical alternatives explicit until a physical observation collapses them.
81,doi:10.31763/ijrcs.v5i2.1844,Strategic Chess Algorithm-Based PI Controller Optimization for Load Frequency Control in Two-Area Hybrid Photovoltaic–Thermal Power Systems,2025,International Journal of Robotics and Control Systems,https://doi.org/10.31763/ijrcs.v5i2.1844,Addresses robot policy evaluation or a neighboring robotics mechanism.,"Prior work usually predicts, ranks, filters, or imitates observed behavior rather than preserving unrealized branches.",The observed outcome is enough to supervise the model.,"Contact mode support, embodiment limits, and deployment perturbations.","Branch collapse, hidden-mode shift, and tail-risk planning failures.",Generic world models and generic uncertainty are crowded.,Invariance audits for robot policies keeps action-critical alternatives explicit until a physical observation collapses them.
82,arxiv:2305.04614v1,Reducing Onboard Processing Time for Path Planning in Dynamically Evolving Polygonal Maps,2023,arXiv,http://arxiv.org/abs/2305.04614v1,Addresses robot policy evaluation or a neighboring robotics mechanism.,"Prior work usually predicts, ranks, filters, or imitates observed behavior rather than preserving unrealized branches.",The observed outcome is enough to supervise the model.,"Contact mode support, embodiment limits, and deployment perturbations.","Branch collapse, hidden-mode shift, and tail-risk planning failures.",Generic world models and generic uncertainty are crowded.,Invariance audits for robot policies keeps action-critical alternatives explicit until a physical observation collapses them.
83,doi:10.70777/agi.v1i1.10601,Benchmark Early and Red Team Often,2024,AGI - Artificial General Intelligence - Robotics - Safety & Alignment,https://doi.org/10.70777/agi.v1i1.10601,Addresses robot policy evaluation or a neighboring robotics mechanism.,"Prior work usually predicts, ranks, filters, or imitates observed behavior rather than preserving unrealized branches.",The observed outcome is enough to supervise the model.,"Contact mode support, embodiment limits, and deployment perturbations.","Branch collapse, hidden-mode shift, and tail-risk planning failures.",Generic world models and generic uncertainty are crowded.,Invariance audits for robot policies keeps action-critical alternatives explicit until a physical observation collapses them.
84,doi:10.1115/1.4046577,Evaluation and Optimization of Dual-Arm Robot Path Planning for Human–Robot Collaborative Tasks in Smart Manufacturing Contexts,2021,ASME Letters in Dynamic Systems and Control,https://doi.org/10.1115/1.4046577,Addresses robot policy evaluation or a neighboring robotics mechanism.,"Prior work usually predicts, ranks, filters, or imitates observed behavior rather than preserving unrealized branches.",The observed outcome is enough to supervise the model.,"Contact mode support, embodiment limits, and deployment perturbations.","Branch collapse, hidden-mode shift, and tail-risk planning failures.",Generic world models and generic uncertainty are crowded.,Invariance audits for robot policies keeps action-critical alternatives explicit until a physical observation collapses them.
85,doi:10.1002/rob.22008,Cooperative acoustic navigation of underwater vehicles without a DVL utilizing a dynamic process model: Theory and field evaluation,2021,Journal of Field Robotics,https://doi.org/10.1002/rob.22008,Addresses robot policy evaluation or a neighboring robotics mechanism.,"Prior work usually predicts, ranks, filters, or imitates observed behavior rather than preserving unrealized branches.",The observed outcome is enough to supervise the model.,"Contact mode support, embodiment limits, and deployment perturbations.","Branch collapse, hidden-mode shift, and tail-risk planning failures.",Generic world models and generic uncertainty are crowded.,Invariance audits for robot policies keeps action-critical alternatives explicit until a physical observation collapses them.
86,doi:10.18196/jrc.v5i2.20496,Enhancement of Underwater Video through Adaptive Fuzzy Weight Evaluation,2024,Journal of Robotics and Control (JRC),https://doi.org/10.18196/jrc.v5i2.20496,Addresses robot policy evaluation or a neighboring robotics mechanism.,"Prior work usually predicts, ranks, filters, or imitates observed behavior rather than preserving unrealized branches.",The observed outcome is enough to supervise the model.,"Contact mode support, embodiment limits, and deployment perturbations.","Branch collapse, hidden-mode shift, and tail-risk planning failures.",Generic world models and generic uncertainty are crowded.,Invariance audits for robot policies keeps action-critical alternatives explicit until a physical observation collapses them.
87,doi:10.1145/3729343,VLATest: Testing and Evaluating Vision-Language-Action Models for Robotic Manipulation,2025,Proceedings of the ACM on Software Engineering,https://doi.org/10.1145/3729343,Addresses robot policy evaluation or a neighboring robotics mechanism.,"Prior work usually predicts, ranks, filters, or imitates observed behavior rather than preserving unrealized branches.",The observed outcome is enough to supervise the model.,"Contact mode support, embodiment limits, and deployment perturbations.","Branch collapse, hidden-mode shift, and tail-risk planning failures.",Generic world models and generic uncertainty are crowded.,Invariance audits for robot policies keeps action-critical alternatives explicit until a physical observation collapses them.
88,doi:10.5194/ms-6-119-2015,Hybrid Position-Force Control of a Cable-Driven Parallel Robot with Experimental Evaluation,2015,Mechanical Sciences,https://doi.org/10.5194/ms-6-119-2015,Addresses robot policy evaluation or a neighboring robotics mechanism.,"Prior work usually predicts, ranks, filters, or imitates observed behavior rather than preserving unrealized branches.",The observed outcome is enough to supervise the model.,"Contact mode support, embodiment limits, and deployment perturbations.","Branch collapse, hidden-mode shift, and tail-risk planning failures.",Generic world models and generic uncertainty are crowded.,Invariance audits for robot policies keeps action-critical alternatives explicit until a physical observation collapses them.
89,doi:10.3390/s22114055,"Artificial Intelligence, Machine Learning and Smart Technologies for Nondestructive Evaluation",2022,Sensors,https://doi.org/10.3390/s22114055,Addresses robot policy evaluation or a neighboring robotics mechanism.,"Prior work usually predicts, ranks, filters, or imitates observed behavior rather than preserving unrealized branches.",The observed outcome is enough to supervise the model.,"Contact mode support, embodiment limits, and deployment perturbations.","Branch collapse, hidden-mode shift, and tail-risk planning failures.",Generic world models and generic uncertainty are crowded.,Invariance audits for robot policies keeps action-critical alternatives explicit until a physical observation collapses them.
90,doi:10.4028/www.scientific.net/amm.564.72,Risk Evaluation Approach in Failure Mode and Effect Analysis of Automotive Headlamp Assembly,2014,Applied Mechanics and Materials,https://doi.org/10.4028/www.scientific.net/amm.564.72,Addresses robot policy evaluation or a neighboring robotics mechanism.,"Prior work usually predicts, ranks, filters, or imitates observed behavior rather than preserving unrealized branches.",The observed outcome is enough to supervise the model.,"Contact mode support, embodiment limits, and deployment perturbations.","Branch collapse, hidden-mode shift, and tail-risk planning failures.",Generic world models and generic uncertainty are crowded.,Invariance audits for robot policies keeps action-critical alternatives explicit until a physical observation collapses them.
91,doi:10.21203/rs.3.rs-9082476/v1,Systematic evaluation of single-cell foundation model interpretability reveals attention captures co-expression rather than unique regulatory signal,,,https://doi.org/10.21203/rs.3.rs-9082476/v1,Addresses robot policy evaluation or a neighboring robotics mechanism.,"Prior work usually predicts, ranks, filters, or imitates observed behavior rather than preserving unrealized branches.",The observed outcome is enough to supervise the model.,"Contact mode support, embodiment limits, and deployment perturbations.","Branch collapse, hidden-mode shift, and tail-risk planning failures.",Generic world models and generic uncertainty are crowded.,Invariance audits for robot policies keeps action-critical alternatives explicit until a physical observation collapses them.
92,arxiv:2409.12514v5,"TinyVLA: Towards Fast, Data-Efficient Vision-Language-Action Models for Robotic Manipulation",2024,arXiv,http://arxiv.org/abs/2409.12514v5,Addresses robot policy evaluation or a neighboring robotics mechanism.,"Prior work usually predicts, ranks, filters, or imitates observed behavior rather than preserving unrealized branches.",The observed outcome is enough to supervise the model.,"Contact mode support, embodiment limits, and deployment perturbations.","Branch collapse, hidden-mode shift, and tail-risk planning failures.",Generic world models and generic uncertainty are crowded.,Invariance audits for robot policies keeps action-critical alternatives explicit until a physical observation collapses them.
93,doi:10.4103/jehp.jehp_799_22,An exploratory study on the application of screening of activity limitation and safety awareness (SALSA) scale for evaluation of activity limitation among elderly,2022,Journal of Education and Health Promotion,https://doi.org/10.4103/jehp.jehp_799_22,Addresses robot policy evaluation or a neighboring robotics mechanism.,"Prior work usually predicts, ranks, filters, or imitates observed behavior rather than preserving unrealized branches.",The observed outcome is enough to supervise the model.,"Contact mode support, embodiment limits, and deployment perturbations.","Branch collapse, hidden-mode shift, and tail-risk planning failures.",Generic world models and generic uncertainty are crowded.,Invariance audits for robot policies keeps action-critical alternatives explicit until a physical observation collapses them.
94,doi:10.1002/rob.21889,"An autonomous strawberry‐harvesting robot: Design, development, integration, and field evaluation",2020,Journal of Field Robotics,https://doi.org/10.1002/rob.21889,Addresses robot policy evaluation or a neighboring robotics mechanism.,"Prior work usually predicts, ranks, filters, or imitates observed behavior rather than preserving unrealized branches.",The observed outcome is enough to supervise the model.,"Contact mode support, embodiment limits, and deployment perturbations.","Branch collapse, hidden-mode shift, and tail-risk planning failures.",Generic world models and generic uncertainty are crowded.,Invariance audits for robot policies keeps action-critical alternatives explicit until a physical observation collapses them.
95,arxiv:2210.08640v1,Evaluating Guiding Spaces for Motion Planning,2022,arXiv,http://arxiv.org/abs/2210.08640v1,Addresses robot policy evaluation or a neighboring robotics mechanism.,"Prior work usually predicts, ranks, filters, or imitates observed behavior rather than preserving unrealized branches.",The observed outcome is enough to supervise the model.,"Contact mode support, embodiment limits, and deployment perturbations.","Branch collapse, hidden-mode shift, and tail-risk planning failures.",Generic world models and generic uncertainty are crowded.,Invariance audits for robot policies keeps action-critical alternatives explicit until a physical observation collapses them.
96,doi:10.3390/act14070307,Accelerated Computation of Linear Complementarity Problem in Dexterous Robotic Grasping via Newton-Subgradient Non-Smooth Multi-Step Greedy Kaczmarz Method,2025,Actuators,https://doi.org/10.3390/act14070307,Addresses robot policy evaluation or a neighboring robotics mechanism.,"Prior work usually predicts, ranks, filters, or imitates observed behavior rather than preserving unrealized branches.",The observed outcome is enough to supervise the model.,"Contact mode support, embodiment limits, and deployment perturbations.","Branch collapse, hidden-mode shift, and tail-risk planning failures.",Generic world models and generic uncertainty are crowded.,Invariance audits for robot policies keeps action-critical alternatives explicit until a physical observation collapses them.
97,arxiv:2407.06168v1,TARGO: Benchmarking Target-driven Object Grasping under Occlusions,2024,arXiv,http://arxiv.org/abs/2407.06168v1,Addresses robot policy evaluation or a neighboring robotics mechanism.,"Prior work usually predicts, ranks, filters, or imitates observed behavior rather than preserving unrealized branches.",The observed outcome is enough to supervise the model.,"Contact mode support, embodiment limits, and deployment perturbations.","Branch collapse, hidden-mode shift, and tail-risk planning failures.",Generic world models and generic uncertainty are crowded.,Invariance audits for robot policies keeps action-critical alternatives explicit until a physical observation collapses them.
98,doi:10.31763/ijrcs.v6i1.2392,Embedded System Design and Control of a Portable Vis/NIR Spectroscopy with Hybrid XGBoost-ANFIS for Soybean Seed Quality Prediction,2025,International Journal of Robotics and Control Systems,https://doi.org/10.31763/ijrcs.v6i1.2392,Addresses robot policy evaluation or a neighboring robotics mechanism.,"Prior work usually predicts, ranks, filters, or imitates observed behavior rather than preserving unrealized branches.",The observed outcome is enough to supervise the model.,"Contact mode support, embodiment limits, and deployment perturbations.","Branch collapse, hidden-mode shift, and tail-risk planning failures.",Generic world models and generic uncertainty are crowded.,Invariance audits for robot policies keeps action-critical alternatives explicit until a physical observation collapses them.
99,doi:10.1108/02656710010353885,MAFMA: multi‐attribute failure mode analysis,2000,International Journal of Quality & Reliability Management,https://doi.org/10.1108/02656710010353885,Addresses robot policy evaluation or a neighboring robotics mechanism.,"Prior work usually predicts, ranks, filters, or imitates observed behavior rather than preserving unrealized branches.",The observed outcome is enough to supervise the model.,"Contact mode support, embodiment limits, and deployment perturbations.","Branch collapse, hidden-mode shift, and tail-risk planning failures.",Generic world models and generic uncertainty are crowded.,Invariance audits for robot policies keeps action-critical alternatives explicit until a physical observation collapses them.
100,doi:10.3390/electronics14142776,Hierarchical Deep Reinforcement Learning-Based Path Planning with Underlying High-Order Control Lyapunov Function—Control Barrier Function—Quadratic Programming Collision Avoidance Path Tracking Control of Lane-Changing Maneuvers for Autonomous Vehicles,2025,Electronics,https://doi.org/10.3390/electronics14142776,Addresses robot policy evaluation or a neighboring robotics mechanism.,"Prior work usually predicts, ranks, filters, or imitates observed behavior rather than preserving unrealized branches.",The observed outcome is enough to supervise the model.,"Contact mode support, embodiment limits, and deployment perturbations.","Branch collapse, hidden-mode shift, and tail-risk planning failures.",Generic world models and generic uncertainty are crowded.,Invariance audits for robot policies keeps action-critical alternatives explicit until a physical observation collapses them.
